episode_id,event_type,title,start,end,EQ_US,EQ_EU,EQ_EM,EQ_IN,IR_USD_5Y,IR_USD_10Y,CS_IG,CS_HY,CS_EM,FX_EUR,FX_GBP,FX_INR,FX_JPY,CMD_OIL,CMD_GOLD,VOL_VIX,SEC_FINANCIALS,SEC_ENERGY,SEC_TECH,SEC_HEALTH,SEC_INDUSTRIALS,SEC_DISCRETIONARY,SEC_STAPLES,SEC_MATERIALS,SEC_UTILITIES,SEC_REAL_ESTATE
sep11_2001,GEOPOLITICAL,September 11 attacks,2001-09-10,2001-09-21,-11.6,,,,-50.9,-14.6,,,,,,,3.87,-6.01,7.47,10.82,-0.23,-1.04,-2.98,-3.02,-6.09,-1.94,4.27,-2.0,9.06,3.21
oil_spike_2008,MACROECONOMIC,Oil price spike to $147,2008-05-01,2008-07-11,-12.05,-16.4,-11.93,-21.62,21.1,19.1,49.06,180.16,24.52,2.09,0.08,-5.71,-2.13,28.94,13.03,8.61,-19.47,14.62,1.9,8.69,-2.15,-7.11,8.13,6.32,13.07,-3.6
lehman_2008,CREDIT_EVENT,Lehman Brothers bankruptcy,2008-09-12,2008-10-10,-28.16,-26.12,-32.81,-22.43,-19.4,13.1,189.72,697.68,222.51,-5.91,-4.93,-5.81,6.77,-23.21,12.51,44.29,0.24,-8.67,1.51,3.01,-2.45,-0.66,9.67,-4.0,-0.6,2.52
euro_sovereign_2010,CREDIT_EVENT,Greek debt crisis and euro-area contagion,2010-04-23,2010-05-25,-11.77,-14.72,-15.12,-9.38,-62.0,-65.9,56.08,212.45,121.44,-7.76,-6.29,-6.72,4.01,-19.23,3.88,17.99,-2.06,-4.51,0.26,3.03,-0.79,1.0,4.95,-1.54,3.89,1.73
us_downgrade_2011,CREDIT_EVENT,US sovereign downgrade and euro crisis,2011-07-22,2011-08-10,-16.67,-22.32,-17.88,-8.39,-57.9,-82.7,50.82,279.34,97.55,-0.26,-0.05,-2.0,1.99,-17.0,11.24,25.47,-3.76,-4.07,3.01,0.85,-3.5,-0.29,5.99,-1.7,7.15,-0.09
libya_2011,GEOPOLITICAL,Libyan civil war and Arab Spring oil shock,2011-02-15,2011-02-24,-1.65,-2.68,-1.12,-3.98,-15.1,-17.8,8.27,24.34,10.08,2.1,1.29,0.67,1.18,15.37,3.04,4.95,-1.45,4.01,-1.03,0.69,-1.46,-0.28,1.51,-1.74,0.74,0.21
taper_tantrum_2013,MACROECONOMIC,Taper tantrum,2013-05-21,2013-06-24,-5.76,-10.98,-15.63,-8.57,61.9,60.4,26.68,105.3,111.32,1.66,0.83,-7.02,3.8,-1.02,-7.33,6.74,-0.15,-1.14,0.12,1.32,-0.01,0.68,0.89,-1.0,-2.49,-9.51
crimea_2014,GEOPOLITICAL,Russia annexes Crimea,2014-02-28,2014-03-14,-0.99,-4.59,-2.74,3.62,1.7,-1.3,7.98,18.86,14.63,1.15,-0.4,0.91,0.32,-3.61,4.36,3.82,1.45,-0.46,-1.0,-0.7,-0.38,-0.5,1.53,0.6,2.07,0.63
china_deval_2015,MACROECONOMIC,Yuan devaluation and China slowdown,2015-08-10,2015-08-25,-11.24,-12.43,-14.06,-7.56,-14.0,-10.5,17.04,81.74,44.9,5.64,1.74,-4.6,4.56,-12.57,3.08,23.79,-0.98,-3.14,-0.63,0.75,0.72,1.35,2.01,-0.84,6.31,3.34
energy_credit_2015,CREDIT_EVENT,Oil crash and high-yield energy defaults,2015-11-30,2016-02-11,-12.08,-23.56,-13.89,-12.08,-54.6,-57.4,69.29,275.77,110.21,6.59,-3.41,-1.46,8.46,-37.07,17.09,12.01,-7.37,-8.02,0.63,1.79,1.57,-2.73,12.72,-2.46,19.91,1.32
brexit_2016,GEOPOLITICAL,Brexit referendum,2016-06-23,2016-06-27,-5.34,-11.21,-7.28,-2.13,-25.3,-27.9,16.04,111.24,40.09,-2.58,-9.05,-0.67,2.47,-7.54,4.86,6.6,-2.72,-1.0,-0.44,1.13,-1.0,-0.15,3.21,-2.25,6.73,3.93
volmageddon_2018,MACROECONOMIC,Volatility spike (Volmageddon),2018-01-26,2018-02-08,-10.16,-7.41,-12.27,-4.45,9.8,18.9,12.07,56.86,26.87,-1.0,-1.92,-0.98,0.47,-7.54,-2.57,22.38,0.18,-3.76,-0.22,-1.41,0.69,2.05,1.46,-0.25,3.34,1.3
trade_war_2018,GEOPOLITICAL,US-China trade war escalation,2018-10-03,2018-12-24,-19.63,-11.89,-7.87,-1.79,-44.3,-41.2,53.19,226.19,79.94,-1.55,-2.57,4.48,2.27,-44.34,5.77,24.46,-0.05,-10.24,-4.15,4.67,-4.09,0.01,11.35,1.31,18.6,11.66
tariff_hike_2019,GEOPOLITICAL,US raises tariffs on Chinese goods,2019-05-03,2019-06-03,-6.83,-5.77,-7.1,3.21,-48.3,-45.0,21.62,109.09,52.52,0.0,-3.02,-0.21,3.03,-14.03,3.4,5.99,0.1,-0.53,-3.58,3.87,-0.64,-1.57,4.91,2.84,7.74,6.32
abqaiq_2019,GEOPOLITICAL,Attack on Saudi Aramco's Abqaiq facility,2019-09-13,2019-09-17,-0.06,-0.81,-0.78,-2.33,-8.6,-9.1,-0.77,-0.39,-0.7,-0.47,0.8,-0.65,0.01,8.19,0.95,0.7,-0.19,1.97,0.22,-0.01,-0.08,-0.62,-0.37,-0.79,1.01,2.19
soleimani_2020,GEOPOLITICAL,US strike kills Iranian general,2020-01-02,2020-01-08,-0.15,0.64,-1.59,-2.09,-0.6,-0.8,6.71,7.66,3.08,-0.59,-1.03,-1.57,0.65,-2.57,2.16,0.98,-0.98,-1.29,0.28,0.34,0.12,-0.29,-0.2,-1.66,0.26,0.17
covid_2020,MACROECONOMIC,COVID-19 market crash,2020-02-19,2020-03-23,-33.92,-35.69,-30.79,-37.24,-101.4,-80.6,219.69,691.28,397.11,-0.94,-10.61,-5.35,-0.49,-56.16,-2.52,47.21,-8.86,-22.14,2.77,6.0,-7.66,0.42,9.76,-2.28,-1.44,-7.62
inflation_scare_2021,MACROECONOMIC,US inflation scare,2021-05-07,2021-05-12,-4.01,-2.15,-4.77,-0.85,9.3,11.8,7.0,10.73,7.35,0.63,1.72,0.33,0.31,1.82,-0.46,10.9,1.15,1.94,-1.55,2.12,0.26,-2.17,2.56,1.38,1.45,0.47
evergrande_2021,CREDIT_EVENT,Evergrande debt crisis,2021-09-13,2021-09-20,-2.48,-3.48,-5.02,0.24,1.6,-1.5,-0.35,8.95,14.99,-0.69,-0.8,-0.23,-0.05,-0.23,-1.71,6.34,-0.94,-0.25,-0.09,1.91,-0.5,0.61,0.52,-2.54,-0.52,1.32
ukraine_2022,GEOPOLITICAL,Russia invades Ukraine,2022-02-16,2022-03-08,-6.8,-15.27,-13.46,-7.56,-11.4,-17.5,32.85,54.9,137.13,-4.33,-3.17,-2.47,0.23,32.07,9.18,10.84,-4.56,19.87,-2.76,4.49,2.93,-5.33,3.04,0.14,13.44,5.47
inflation_shock_2022,MACROECONOMIC,Inflation surprise and 75bp Fed hike,2022-06-08,2022-06-16,-10.91,-9.53,-7.23,-6.09,34.5,27.8,13.71,95.09,40.41,-2.27,-3.28,-0.29,-0.95,-3.7,-0.36,8.99,-0.01,-4.85,-0.93,2.84,0.75,-1.24,5.11,-2.12,-0.2,0.83
uk_gilt_2022,MACROECONOMIC,UK mini-budget and gilt crisis,2022-09-22,2022-09-28,-1.04,-2.68,-2.93,-4.37,-0.7,-0.3,18.12,24.92,39.82,-2.39,-4.69,-2.05,-0.26,-1.6,-0.66,2.83,-0.61,-3.06,0.21,1.43,-0.06,1.46,-1.13,0.11,-3.11,-2.48
svb_2023,CREDIT_EVENT,Silicon Valley Bank collapse,2023-03-08,2023-03-15,-2.51,-5.91,-4.19,-4.41,-75.8,-48.4,25.12,110.65,47.59,1.68,2.74,-0.28,2.23,-11.81,6.2,7.03,-7.65,-6.37,2.17,2.48,-2.73,0.85,3.14,-5.01,4.31,-0.93
israel_gaza_2023,GEOPOLITICAL,Hamas attack on Israel and Gaza war,2023-10-06,2023-10-27,-4.44,-3.14,-3.44,-3.08,2.2,6.1,4.48,18.74,-4.44,0.17,-0.42,-0.07,-1.27,3.32,8.31,3.82,-0.38,3.15,0.22,-0.85,0.13,-2.43,4.3,0.54,7.02,0.33
yen_carry_2024,MACROECONOMIC,Yen carry-trade unwind,2024-07-31,2024-08-05,-6.08,-6.18,-5.89,-3.59,-37.2,-32.4,12.14,67.57,35.67,0.88,-0.38,0.0,4.87,-6.38,0.74,22.21,-0.55,-1.17,-3.47,4.21,0.41,-2.62,5.89,1.62,5.36,4.46
liberation_day_2025,GEOPOLITICAL,US reciprocal tariffs (Liberation Day),2025-04-02,2025-04-08,-12.14,-10.0,-12.26,-3.41,-3.7,6.6,34.2,110.61,55.91,1.11,-1.46,-0.48,1.35,-16.92,-5.56,30.82,-0.3,-6.66,-2.09,4.29,-0.36,-1.13,5.76,-2.51,4.17,-0.07
