merchant_id,mcc,city,state,months,annual_turnover,volatility,growth,refund_rate,decline_rate,customers,sector,category,credit_score,rating
27092,4829,Vista,CA,118,5491343.5600000005,0.026264745777270598,0.0001317811103300759,0.0,0.030902671690939337,1177,Communication Services,Money Transfer,1.2223513142493478,BB
59935,5499,Beulah,ND,118,2262959.96,0.04169596873111102,-0.015088763290101004,0.292472949071638,0.018714767405454937,1182,Consumer Staples,Miscellaneous Food Stores,0.4558623130823558,BB
61195,5541,North Hollywood,CA,118,2087321.83,0.0424058703265625,-0.012582251823472834,0.2033445351256201,0.015545598406856207,1213,Energy,Service Stations,1.0395256293542725,BB
60569,5300,Somerset,NJ,118,1925261.7500000005,0.03722235217331528,-0.01988410740566937,1.3260093417358125e-05,0.020904537272465086,1219,Consumer Staples,Wholesale Clubs,1.520571062555484,BBB
39021,4784,ONLINE,,118,1765882.06,0.03765829544485672,-0.006523933702681006,1.5898937269607364e-05,0.02042332056118706,266,Industrials,Tolls and Bridge Fees,0.7660203241733122,BB
43293,5499,Grand Junction,CO,118,1402091.1800000002,0.050015490889270424,0.001979638653754945,0.2893821553182928,0.016729044597924167,1159,Consumer Staples,Miscellaneous Food Stores,0.621056212754976,BB
73186,4814,ONLINE,,118,1324689.71,0.05009060551112974,0.014439654010519165,1.898415772038234e-05,0.029881064251881806,1189,Communication Services,Telecommunication Services,1.0749645222959727,BB
22204,5541,Quincy,MA,118,1324066.54,0.04616286268883807,0.03099071648081453,0.19957353867935115,0.017415276063203755,1182,Energy,Service Stations,1.2811204849045768,BB
20561,5912,Chicago,IL,118,930764.4400000002,0.04196193062902659,0.005895749101340941,1.973953681176871e-05,0.01692171793188873,1136,Consumer Discretionary,Drug Stores and Pharmacies,1.9057073507238416,BBB
50783,5411,Mobile,AL,118,808997.64,0.04351855262180484,0.005781770155965704,1.3412421914556165e-05,0.011383793099979547,1184,Consumer Staples,"Grocery Stores, Supermarkets",2.2559312329196572,BBB
75781,5411,Brooklyn,NY,118,691190.61,0.03640324150786211,-0.019947570736478903,2.194980080555769e-05,0.011154157109357566,1156,Consumer Staples,"Grocery Stores, Supermarkets",2.1163598726455612,BBB
26810,5541,Plattekill,NY,118,657725.12,0.06854457763982665,0.048145723821998665,0.21969785545060153,0.021482415925663825,1056,Energy,Service Stations,0.7077732517152657,BB
32175,7538,Newark,NJ,118,581721.11,0.04894642453674332,0.013913678065417434,1.8854761770085037e-05,0.015460904651469728,1160,Consumer Discretionary,Automotive Service Shops,1.9830688753256158,BBB
48919,5311,Rialto,CA,118,509830.33999999997,0.06881735065299698,-0.023540953813860788,0.0,0.019854071992692037,1114,Consumer Staples,Department Stores,1.0283221581588236,BB
54850,4814,Fresno,CA,118,491605.7,0.09176511061876727,0.029363919521090853,0.0,0.020536570533062008,985,Communication Services,Telecommunication Services,1.0755741746661078,BB
81833,5912,Gonzales,TX,118,471778.73000000004,0.050412558726610913,-0.001114639479499191,0.0,0.01568686602058901,1017,Consumer Discretionary,Drug Stores and Pharmacies,1.725199358536818,BBB
20519,5942,Bronx,NY,118,467012.55,0.04623565763002343,-0.004373178619499263,3.012216690262364e-05,0.008774156902064229,1218,Consumer Discretionary,Book Stores,2.300186976542341,BBB
9932,5311,ONLINE,,118,439163.55000000005,0.057225352448956705,-0.002186873510440779,2.7785109959572666e-05,0.028979869687834288,1219,Consumer Staples,Department Stores,0.8818084046316609,BB
30286,4814,Burke,VA,118,410156.47000000003,0.07402557968169571,0.015988833340454978,2.6963626068433684e-05,0.01890150187397201,967,Communication Services,Telecommunication Services,1.3039903312882744,BBB
75936,5814,Amherst,OH,118,382146.67,0.06291978874031172,-0.012489410946544988,6.5552277941658475e-06,0.009780399868895444,1119,Consumer Discretionary,Fast Food Restaurants,1.860499504937815,BBB
16798,4121,ONLINE,,118,380164.86,0.03828737677348269,-0.0147584529137611,1.369412795793164e-05,0.01904853198948291,419,Industrials,Taxicabs and Limousines,1.0350178584633958,BB
18563,4121,ONLINE,,118,379358.5,0.04415185060261287,0.0008624082602921579,2.052474942701741e-05,0.017459720179249478,433,Industrials,Taxicabs and Limousines,1.2167812508641056,BB
50867,5541,Hawarden,IA,118,378326.4000000001,0.07545257564363006,-0.0024177617683547314,0.20898150316085226,0.015556075860454226,761,Energy,Service Stations,0.3440846113357129,BB
86616,4814,Muscle Shoals,AL,118,369726.12000000005,0.07430314856913146,0.007298735524815747,6.0510710395740045e-05,0.021541812900883455,918,Communication Services,Telecommunication Services,1.0190159302250223,BB
15143,4784,ONLINE,,118,366650.72,0.03604737439891883,0.004521061928321135,1.07539601458237e-05,0.02034649259589844,56,Industrials,Tolls and Bridge Fees,-0.020504045911766217,BB
32858,5311,Indianapolis,IN,118,354662.17000000004,0.07177954049933727,0.033777705982430906,3.021467526777756e-05,0.015243303672593779,1218,Consumer Staples,Department Stores,1.875771302842689,BBB
25887,5814,Corpus Christi,TX,118,313437.77999999997,0.06203434709815202,-0.0007293413977361718,0.0,0.010187392855031627,1088,Consumer Discretionary,Fast Food Restaurants,1.9435315068919286,BBB
11468,5970,Macon,GA,118,307362.16,0.06195667999558775,0.027256325121935543,0.0,0.0133469014541486,1216,Consumer Discretionary,"Artist Supply Stores, Craft Shops",2.078578055473293,BBB
49637,3509,Miami Beach,FL,118,290681.48,0.182548881666514,-0.01591622479381527,0.3137691769049589,0.013941052899611688,1157,Industrials,Industrial Equipment and Supplies,-1.443628315040539,CCC
41122,4784,ONLINE,,118,286788.34,0.053570085175775786,-0.01832520429284512,1.5601110799088896e-05,0.01975100627164654,37,Industrials,Tolls and Bridge Fees,-0.7035163135293727,B
88459,5311,ONLINE,,118,286270.22,0.07258043098998274,-0.004180372930980836,4.1123493852037666e-05,0.028292963770201917,1219,Consumer Staples,Department Stores,0.6776552544783334,BB
7777,3684,Tarawa Terrace,NC,118,285291.42,0.17623800841664775,-0.004961912054054496,0.3141772151898734,0.013987341772151898,1145,Industrials,Semiconductors and Related Devices,-1.2559098921747958,B
86410,5211,Grand Rapids,MI,118,282188.92,0.06757970957720563,-0.03582653257409607,1.6795431642593214e-05,0.01467920725562647,982,Consumer Discretionary,Lumber and Building Materials,1.1810980526255384,BB
17976,4900,ONLINE,,118,270592.99,0.07661537932317436,0.027057089039085103,0.0,0.02815489368812398,346,Utilities,"Utilities - Electric, Gas, Water, Sanitary",0.1750152502475938,BB
13646,7538,Orlando,FL,118,269438.53,0.05635966240566526,-0.03201269743003421,0.0,0.015345414440282189,961,Consumer Discretionary,Automotive Service Shops,1.3295531577641735,BBB
59474,3722,Atlanta,GA,118,268268.83999999997,0.13212750049733282,-0.04519312971719769,0.3131553554197491,0.015117401093599228,1160,Industrials,Passenger Railways,-1.043284287719235,B
39991,3771,Lincoln Park,MI,118,266475.17999999993,0.15360912105137683,0.06260693602825418,0.31506176305446376,0.014107243121841662,1152,Industrials,Railroad Passenger Transport,-0.2815992191536688,BB
44795,3780,Marysville,OH,118,265500.32,0.1741099487255933,0.09093748027686033,0.3133856101251892,0.012725271701747145,1160,Industrials,Computer Network Services,-0.21805067139121748,BB
52923,3504,Oklahoma City,OK,118,263556.36,0.18485164166272713,-0.02172519414973506,0.3140376266280753,0.013024602026049204,1150,Industrials,Gardening Supplies,-1.4801473078519816,CCC
36934,7538,Houston,TX,118,257879.3,0.08732744537707139,-0.012381267516416328,0.0,0.01612936114679554,941,Consumer Discretionary,Automotive Service Shops,0.9941941385058325,BB
3558,3640,Corpus Christi,TX,118,252232.15999999997,0.18920336618611897,-0.061972226761354166,0.3149932157394844,0.011668928086838535,1132,Industrials,"Lighting, Fixtures, Electrical Supplies",-1.8567161273100417,CCC
34490,5719,Edgartown,MA,118,251143.7,0.06984571771082428,0.015079205042291655,4.370724884722131e-05,0.015647195087305228,1017,Consumer Discretionary,Miscellaneous Home Furnishing Stores,1.593009769011271,BBB
74934,3596,Oakland,CA,118,246689.62000000002,0.14696615942727015,-0.05458946569831902,0.31335568594579494,0.014110086616373288,1150,Industrials,Miscellaneous Machinery and Parts Manufacturing,-1.2960957100743444,B
78644,3775,Las Vegas,NV,118,242115.91999999998,0.15320291403678,-0.08375405594764973,0.31191211316148487,0.015078624255044158,1140,Industrials,Railroad Freight,-1.727962818307478,CCC
19964,5311,Killeen,TX,118,238678.7,0.09826434710605142,-0.059073610584604364,0.0,0.020210166177908113,820,Consumer Staples,Department Stores,0.045953900662256075,BB
57133,3730,Waianae,HI,118,233056.41999999998,0.1920518403064757,-0.0755368521597849,0.313966558943375,0.015526204861598988,1151,Industrials,Ship Chandlers,-2.2582339666673152,CCC
38489,3058,Springboro,OH,118,229248.36,0.23360838674231932,0.006497697068500008,0.0,0.005188067444876783,1052,Industrials,"Tools, Parts, Supplies Manufacturing",-0.24444053434839474,BB
5594,3001,Galt,CA,118,224638.90000000002,0.2372754452309464,-0.08250184315352638,0.0,0.004498714652956298,1050,Industrials,Steel Products Manufacturing,-1.1062944787011828,B
67570,5311,Bettendorf,IA,118,222321.26,0.13162137046876407,0.044752975029079156,2.8004144613402784e-05,0.015430283681984933,945,Consumer Staples,Department Stores,0.9272317909103968,BB
99370,5311,Cedar Park,TX,118,219773.10000000003,0.0789369696148342,0.013037423822753302,0.0,0.02162193664947402,856,Consumer Staples,Department Stores,0.9583913829567363,BB
18215,5719,Portsmouth,VA,118,218063.14,0.08442083606483314,0.020525435268469172,0.0,0.017207665232694565,966,Consumer Discretionary,Miscellaneous Home Furnishing Stores,1.299118896615279,BB
82981,5912,Dublin,GA,118,211387.59999999998,0.07494805079482207,0.035488020968833744,0.0,0.01656732316478934,756,Consumer Discretionary,Drug Stores and Pharmacies,1.4773566188044809,BBB
35451,5812,Williston Park,NY,118,210902.51000000004,0.08759456821312331,-0.026765252158245656,2.7320165013796683e-05,0.009425456929759856,1035,Consumer Discretionary,Eating Places and Restaurants,1.3329379783968842,BBB
6063,4511,ONLINE,,118,202240.94999999998,0.2661122703815957,-0.06811454433024267,0.0,0.013981125480601188,1027,Industrials,Airlines,-2.0100997515117616,CCC
79927,5912,Summit Argo,IL,118,200318.26,0.0814259505650459,-0.012518964636464625,0.0,0.018814417271452093,551,Consumer Discretionary,Drug Stores and Pharmacies,0.5923873475125155,BB
57386,3132,Lexington,KY,118,199495.87999999998,0.2191434964734464,-0.06277093291499947,0.0,0.003543586109142452,1024,Industrials,Leather Goods,-0.6027580795375149,B
60152,3000,Atwater,CA,118,198874.6,0.2942460586097289,-0.05845497298926183,0.0,0.004893964110929853,1025,Industrials,Steelworks,-1.7636473485618622,CCC
29742,3256,Coraopolis,PA,118,192251.33999999997,0.24863176058627423,-0.08003280754803321,0.0,0.005368647100930566,1028,Industrials,"Brick, Stone, and Related Materials",-1.3192440606786477,B
70268,4722,ONLINE,,118,191491.19,0.22723986611043853,0.07945717097505445,0.2811871227364185,0.025150905432595575,1050,Industrials,Travel Agencies,-1.8341812528069827,CCC
69972,5814,Vacaville,CA,118,191352.06999999998,0.08610827277953506,0.06064448462797145,1.7529405577856856e-05,0.011621995898119094,999,Consumer Discretionary,Fast Food Restaurants,2.029785967877838,BBB
13348,4722,ONLINE,,118,189179.23999999996,0.2566201702084247,-0.0033855420994914898,0.28336037947821746,0.022968418424666084,1068,Industrials,Travel Agencies,-2.922897130370529,CCC
52073,4722,ONLINE,,118,188626.15,0.20415394339702947,-0.04187395460768073,0.281015873015873,0.02603174603174603,1059,Industrials,Travel Agencies,-2.698957855695052,CCC
68977,3174,West Covina,CA,118,187125.77000000002,0.2334690805091843,-0.08398625610557042,0.0,0.00392156862745098,1041,Industrials,Upholstery and Drapery Stores,-1.032509421268283,B
7257,3260,Hunker,PA,118,183967.65,0.24323942749275976,-0.10245558642545427,0.0,0.003915984336062656,1035,Industrials,Pottery and Ceramics,-1.3572961035416173,B
51300,3359,Taunton,MA,118,180212.25,0.18208061288032962,-0.01595754991833065,0.31490340386384547,0.016191352345906164,1086,Industrials,Non-Ferrous Metal Foundries,-1.6214343053728242,CCC
16790,3389,Spring Valley,NY,118,178356.66,0.18902752368474038,0.008038175498121136,0.31212033555105584,0.016970398225822005,1071,Industrials,Non-Precious Metal Services,-1.5421143793244918,CCC
90999,4722,ONLINE,,118,176521.56,0.20888078899031332,0.0014411048114701952,0.28094422700587085,0.025073385518590997,1080,Industrials,Travel Agencies,-2.2832279750473528,CCC
85600,3066,Goshen,OH,118,175833.63,0.2297618579781752,-0.18255773302179146,0.0,0.0029476787030213707,1008,Industrials,Miscellaneous Metals,-1.8761186766421658,CCC
46284,5411,Ukiah,CA,118,173256.21,0.07326398690961478,0.0005373544811724251,1.4667918329030744e-05,0.011030274583431119,1012,Consumer Staples,"Grocery Stores, Supermarkets",1.6921134633959556,BBB
24823,7538,Brooklyn,NY,118,169160.63999999996,0.08584671415960397,0.07132566169277266,3.678363863753403e-05,0.018244684764216878,785,Consumer Discretionary,Automotive Service Shops,1.5736813693135399,BBB
98374,5411,Nazareth,PA,118,165802.76,0.08505146751401321,-0.021171160427730262,1.557074568301076e-05,0.011569064042476995,814,Consumer Staples,"Grocery Stores, Supermarkets",1.1457595263049254,BB
44578,5812,Dalton,GA,118,156189.17,0.07930116158821524,-0.015267625567442655,0.0,0.01056115746190988,975,Consumer Discretionary,Eating Places and Restaurants,1.4588984765531545,BBB
78454,5812,Grain Valley,MO,118,152506.09,0.07617699072869405,-0.06338752387421986,0.0,0.011769277743851662,970,Consumer Discretionary,Eating Places and Restaurants,0.966595826030723,BB
83480,9402,Lebanon,PA,118,152243.54,0.06083809648478867,-0.02234673069470272,2.012436859793524e-05,0.00756676259282365,789,Consumer Discretionary,Postal Services - Government Only,1.7289843056872964,BBB
726,4900,ONLINE,,118,150764.36000000002,0.13098895514640338,-0.013818246516722366,0.0,0.03165644171779141,140,Utilities,"Utilities - Electric, Gas, Water, Sanitary",-1.7823870309169003,CCC
71883,3405,Dallas,TX,118,150439.41,0.20403002313020624,0.19336206012350443,0.311625,0.016625,1049,Industrials,Ironwork,0.015436868325607048,BB
69956,5310,Milpitas,CA,118,146356.61,0.10079796029185444,-0.054246023860873405,0.0,0.014525767706052897,788,Consumer Staples,Discount Stores,0.3896827307284072,BB
13523,5310,Utica,MI,118,144843.44999999998,0.09187417435619495,0.03225984619808675,9.002520705797624e-05,0.013173688632817189,763,Consumer Staples,Discount Stores,1.4141889535110073,BBB
86369,4899,ONLINE,,118,143271.95,0.12599034436782505,0.04455235485862974,0.00010192640913260625,0.02996636428498624,901,Communication Services,"Cable, Satellite, and Other Pay Television Services",0.06226433704560308,BB
22792,8062,Hauppauge,NY,118,140964.85,0.3312697325459671,0.1551857911791621,0.0,0.0063805104408352666,632,Health Care,Hospitals,-0.6566845444822271,B
56276,4899,ONLINE,,118,140600.97999999998,0.1368431298184709,-0.019529155519932395,0.0,0.030189853719265483,899,Communication Services,"Cable, Satellite, and Other Pay Television Services",-0.7260421640450728,B
49789,5541,Sacramento,CA,118,138861.7,0.13048869533723476,-0.06403616823012581,0.21203380903413507,0.022823606129768505,699,Energy,Service Stations,-1.584824664968921,CCC
15426,3390,Hialeah,FL,118,136342.4,0.25295262687156417,0.15315837108971042,0.3119852489244007,0.0164720344191764,1042,Industrials,Miscellaneous Metalwork,-1.092034438433331,B
31893,5311,Myrtle Beach,SC,118,136217.05000000002,0.11791258341496455,0.0457853064212701,0.0,0.018431561855443892,797,Consumer Staples,Department Stores,0.8501394917960798,BB
31883,7995,Atlantic City,NJ,118,135898.31,0.18828462113041977,-0.019265785380498945,0.0,0.022903942254303165,234,Consumer Discretionary,"Betting (including Lottery Tickets, Casinos)",-1.8294078415953425,CCC
71667,7538,Russellville,AL,118,134617.43,0.10884837055703842,-0.0031288518693911582,0.0,0.014243275139380621,669,Consumer Discretionary,Automotive Service Shops,0.6782911262655944,BB
28395,5541,Westville,NJ,118,133846.19000000003,0.14678921123898414,0.020985218901724556,0.1771099928109274,0.01903666427030913,713,Energy,Service Stations,-0.6256381357642515,B
72351,5541,Saint Louis,MO,118,133814.93,0.15167717659478366,-0.028540164039335347,0.1786721884301799,0.01697942280315776,625,Energy,Service Stations,-1.125904025809138,B
41523,3387,Birmingham,AL,118,130712.64,0.18791877074742813,0.06322943541387827,0.3113619810633649,0.015780529254673464,1042,Industrials,"Electroplating, Plating, Polishing Services",-0.9368728452393035,B
68671,5541,North Little Rock,AR,118,125919.53,0.1590388052351747,0.09881241948891395,0.19946499935542092,0.013729534613897126,659,Energy,Service Stations,0.13450058153424685,BB
38602,5311,Avery,TX,118,121195.20999999999,0.11087439138783804,0.04423338952771716,0.0,0.02345298392424576,506,Consumer Staples,Department Stores,0.35238891944157386,BB
88646,5812,Vacaville,CA,118,120327.69,0.0934068548114541,-0.025664472662452753,1.9245943917319425e-05,0.009449758463403837,1001,Consumer Discretionary,Eating Places and Restaurants,1.2355706246056752,BB
15574,3393,Indian Orchard,MA,118,119747.30000000002,0.21964890807069634,-0.022954518343657027,0.3122881887787122,0.01807455754989331,1034,Industrials,Heat Treating Metal Services,-2.38495244434441,CCC
18131,4111,Garland,TX,118,119430.79,0.09775631815711894,-0.024787925643000475,7.546030787805614e-05,0.023619076365831573,39,Industrials,Local and Suburban Commuter Transportation,-1.636593526554588,CCC
92822,3395,New York,NY,118,115328.68999999999,0.2488953082322794,-0.0454421226602183,0.31003937007874016,0.0172244094488189,1046,Industrials,Welding Repair,-2.965257523275504,CCC
26909,5211,Mineola,TX,118,111878.93000000002,0.10018253550696947,-0.11224065840188757,0.0,0.015019525382997898,590,Consumer Discretionary,Lumber and Building Materials,-0.3583412614223809,BB
98648,5814,Williston Park,NY,118,108591.65999999999,0.09279124299954594,-0.03133601065505209,2.4647540175490485e-05,0.011535048802129548,911,Consumer Discretionary,Fast Food Restaurants,1.0027279515196004,BB
50404,4784,ONLINE,,118,106962.4,0.06902870746465434,0.010276804532920458,2.7489897462682465e-05,0.018143332325370427,35,Industrials,Tolls and Bridge Fees,-0.5911831859762247,B
59350,7922,ONLINE,,118,104624.69,0.12998116627595777,0.037065037279438995,0.0,0.03944406381520994,438,Consumer Discretionary,Theatrical Producers,-1.0962341061451206,B
56431,5541,Lodi,WI,118,104298.40000000001,0.1479238425424963,0.006771340959879968,0.2364392732945497,0.013715102863271475,516,Energy,Service Stations,-0.870719323866261,B
87530,4900,ONLINE,,118,102845.87999999998,0.1166126479840462,0.04705619328260813,0.0,0.03252209974899051,179,Utilities,"Utilities - Electric, Gas, Water, Sanitary",-0.8963712041883576,B
96246,4784,ONLINE,,118,101576.02,0.07242196437645225,0.002825852437842169,0.0,0.022551955712859607,16,Industrials,Tolls and Bridge Fees,-1.438567031682905,B
86959,5311,Springwater,NY,118,101437.91,0.12850853910761914,-0.06861349188532062,0.0,0.020345551429032778,520,Consumer Staples,Department Stores,-0.7748371802068544,B
4802,4899,ONLINE,,118,99763.34,0.16745024891836843,0.07039786974779849,0.0,0.03249883377390764,898,Communication Services,"Cable, Satellite, and Other Pay Television Services",-0.46936412766501,BB
27601,7538,Yoakum,TX,118,99331.72,0.0940815445664483,0.0034199329105228937,0.0,0.01663912473645222,584,Consumer Discretionary,Automotive Service Shops,0.7282900194722646,BB
96529,4899,ONLINE,,118,98449.03,0.16493812019213894,0.04145221654845255,0.0,0.03324405230817709,894,Communication Services,"Cable, Satellite, and Other Pay Television Services",-0.7580694509165538,B
80770,7922,ONLINE,,118,97185.43000000001,0.1035039792276086,0.06028099258488462,0.0,0.03601631678439956,462,Consumer Discretionary,Theatrical Producers,-0.23240976314820871,BB
37387,4899,ONLINE,,118,96946.45000000001,0.14957317891224098,0.0011374866656410632,0.0,0.030924630924630925,893,Communication Services,"Cable, Satellite, and Other Pay Television Services",-0.7685301030230143,B
2177,5411,Colwich,KS,118,95161.31999999999,0.15023712496450034,0.014183558922810313,0.0,0.011721016595102704,668,Consumer Staples,"Grocery Stores, Supermarkets",0.3862131854576987,BB
89069,5251,Seattle,WA,118,94422.27000000002,0.07836219365784032,-0.021864156544381452,0.0,0.012415199751696006,831,Consumer Discretionary,Hardware Stores,1.1975951739914152,BB
87625,5812,Oakland,CA,118,94332.45999999999,0.11740787978555112,0.08052068903189569,0.0,0.010401188707280832,798,Consumer Discretionary,Eating Places and Restaurants,1.6972422660119724,BBB
45926,5814,Tacoma,WA,118,93515.51000000001,0.11179563251224191,0.036959305709549195,2.5615410230794848e-05,0.008862931939855016,944,Consumer Discretionary,Fast Food Restaurants,1.5619822540994233,BBB
59397,5812,Cohasset,MA,118,93480.31,0.11209870664821156,-0.04975513588466651,2.3120852697047468e-05,0.008809044877575086,949,Consumer Discretionary,Eating Places and Restaurants,0.7361471395576676,BB
65108,4899,ONLINE,,118,92012.47,0.1667020395749245,-0.06663221112758377,0.0,0.029771231588843622,895,Communication Services,"Cable, Satellite, and Other Pay Television Services",-1.5962064105486262,CCC
17493,5812,Wethersfield,CT,118,90631.31000000001,0.09474341811192974,-0.0456598261868717,2.7547450483457756e-05,0.012368805267072533,877,Consumer Discretionary,Eating Places and Restaurants,0.761600533272146,BB
32480,4899,ONLINE,,118,90536.91999999998,0.15448112186913593,-0.007581615322742263,0.0,0.032354797979797977,898,Communication Services,"Cable, Satellite, and Other Pay Television Services",-1.011801819433788,B
64057,4111,Apple River,IL,118,87454.73,0.11019878365060526,-0.00035845698441894225,0.00010334849111202976,0.04330301777594047,44,Industrials,Local and Suburban Commuter Transportation,-2.761643145262831,CCC
40096,4111,Warsaw,IN,118,84777.45999999999,0.15936980423016078,-0.04364506910824617,0.0,0.02923135901859306,38,Industrials,Local and Suburban Commuter Transportation,-3.1026020456321355,CCC
44919,5814,Lombard,IL,118,84458.53,0.10129476845150061,-0.03673045159491961,0.0,0.011522531219831211,929,Consumer Discretionary,Fast Food Restaurants,0.8372527961887319,BB
41260,5541,Summerville,SC,118,84235.62999999999,0.20594776010475146,-0.041040888909228856,0.17158579289644824,0.015931042444299073,597,Energy,Service Stations,-1.985561924950042,CCC
