date,agency,entity_id,entity,action,source_url
2022-02-25,S&P Global Ratings,RU,Russia (sovereign),Foreign-currency rating cut to BB+ from BBB- (below investment grade),https://www.foxbusiness.com/markets/sp-cuts-russias-rating-to-junk-moodys-issues-junk-warning
2022-02-25,Moody's,RU,Russia (sovereign),Baa3 placed on review for downgrade,https://www.foxbusiness.com/markets/sp-cuts-russias-rating-to-junk-moodys-issues-junk-warning
2022-03-03,S&P Global Ratings,RU,Russia (sovereign),Cut to CCC- and kept on CreditWatch negative on increasing risk of default,https://www.spglobal.com/ratings/en/research/articles/220303-research-update-russia-ratings-lowered-to-ccc-and-kept-on-creditwatch-negative-on-increasing-risk-of-defa-12299557
2023-03-08,Moody's,SIVB,SVB Financial Group,Cut one notch to Baa1 from A3 (still investment grade),https://wolfstreet.com/2023/03/11/svb-financial-had-investment-grade-credit-ratings-from-moodys-and-sp-up-to-collapse-then-ratings-got-slashed-in-one-fell-swoop-to-default/
2023-03-09,S&P Global Ratings,SIVB,SVB Financial Group,Cut one notch to BBB- from BBB (still investment grade),https://wolfstreet.com/2023/03/11/svb-financial-had-investment-grade-credit-ratings-from-moodys-and-sp-up-to-collapse-then-ratings-got-slashed-in-one-fell-swoop-to-default/
2023-03-10,S&P Global Ratings,SIVB,SVB Financial Group,Silicon Valley Bank cut to D and SVB Financial to CC after the bank was closed,https://www.spglobal.com/ratings/en/research/articles/230310-research-update-silicon-valley-bank-rating-lowered-to-d-and-svb-financial-group-rating-lowered-to-cc-rat-12666691
2023-03-13,Moody's,SBNY,Signature Bank,Cut deep into junk after the bank was closed,https://www.kitco.com/news/off-the-wire/2023-03-14/moodys-downgrades-signature-bank-junk-places-six-us-banks-under-review
2023-03-13,Moody's,FRC,First Republic Bank,Placed on review for downgrade (with Western Alliance and four other US banks),https://www.kitco.com/news/off-the-wire/2023-03-14/moodys-downgrades-signature-bank-junk-places-six-us-banks-under-review
2023-03-13,Moody's,WAL,Western Alliance Bancorp,Placed on review for downgrade (with First Republic and four other US banks),https://www.kitco.com/news/off-the-wire/2023-03-14/moodys-downgrades-signature-bank-junk-places-six-us-banks-under-review
2023-03-15,S&P Global Ratings,FRC,First Republic Bank,Cut to BB+ from A- (below investment grade),https://www.bloomberg.com/news/articles/2023-03-15/first-republic-bank-cut-to-junk-by-s-p-on-deposit-outflow-risk
2023-03-15,Fitch Ratings,FRC,First Republic Bank,Cut to BB from A- (below investment grade),https://www.bloomberg.com/news/articles/2023-03-15/first-republic-bank-cut-to-junk-by-s-p-on-deposit-outflow-risk
